type,start_s,end_s,dur_s,dist_m,v_peak_ms,acc_peak_ms2,dec_peak_ms2,v_start_ms,v_end_ms,start_min
acc,458.7,459.36,0.66,1.24,2.54,2.63,2.01,0.78,2.54,7.64
hsr,467.89,471.79,3.9,25.64,7.03,1.04,-1.47,5.51,5.54,7.8
hsr,559.19,560.23,1.04,6.16,5.66,0.43,-0.31,5.51,5.52,9.32
hsr,560.73,566.83,6.1,40.53,7.63,1.01,-2.29,5.54,5.59,9.35
sprint,563.92,565.95,2.03,15.44,7.63,0.97,-1.27,7.03,7.02,9.4
dec,566.72,567.49,0.77,3.96,5.85,-2.02,-2.54,5.85,3.9,9.45
acc,649.06,650.43,1.37,4.14,4.95,3.93,2.06,0.42,4.95,10.82
hsr,650.76,659.95,9.19,62.74,7.74,1.64,-1.98,5.52,5.56,10.85
sprint,656.54,659.07,2.53,19.32,7.74,0.73,-1.23,7.03,7.07,10.94
acc,839.69,841.5,1.81,7.23,6.64,4.47,2.0,0.37,6.64,13.99
hsr,841.06,847.11,6.05,46.48,8.79,2.65,-1.77,5.58,5.53,14.02
sprint,841.72,846.18,4.46,36.56,8.79,1.56,-1.68,7.01,7.06,14.03
acc,1052.32,1053.36,1.04,2.89,4.05,3.32,2.0,0.85,4.05,17.54
dec,1056.66,1057.49,0.83,2.03,3.39,-2.03,-3.09,3.39,0.98,17.61
acc,1396.78,1397.28,0.5,0.96,2.3,2.5,2.04,0.96,2.3,23.28
dec,1656.99,1657.54,0.55,1.82,3.87,-2.16,-2.99,3.87,2.01,27.62
acc,1760.77,1761.32,0.55,1.56,3.3,2.45,2.09,1.9,3.3,29.35
acc,1785.08,1786.18,1.1,3.0,4.02,3.16,2.02,0.83,4.02,29.75
acc,1788.77,1789.98,1.21,5.57,5.87,2.77,2.03,2.76,5.87,29.81
hsr,1789.81,1793.77,3.96,27.64,7.59,2.2,-2.17,5.5,5.51,29.83
sprint,1790.75,1792.84,2.09,15.83,7.59,0.93,-0.95,7.02,7.0,29.85
acc,1827.32,1827.82,0.5,0.81,2.11,2.54,2.0,0.73,2.11,30.46
acc,1862.25,1863.4,1.15,4.22,5.0,3.14,2.0,1.74,5.0,31.04
dec,1865.22,1866.21,0.99,3.23,4.75,-2.13,-3.88,4.75,1.23,31.09
dec,1948.38,1948.93,0.55,0.98,2.47,-2.03,-2.9,2.47,0.63,32.47
dec,1958.72,1959.27,0.55,1.19,2.65,-2.0,-2.45,2.65,1.21,32.65
acc,1973.24,1974.01,0.77,2.3,3.76,2.82,2.02,1.63,3.76,32.89
dec,1974.72,1975.44,0.72,1.98,4.02,-2.14,-3.97,4.02,1.04,32.91
hsr,2025.93,2027.58,1.65,10.6,6.61,1.52,-2.32,5.51,5.55,33.77
dec,2027.41,2029.17,1.76,6.6,5.96,-2.01,-2.98,5.96,1.25,33.79
dec,2143.79,2144.29,0.5,1.15,2.69,-2.01,-2.21,2.69,1.54,35.73
dec,2168.05,2168.76,0.71,1.39,2.94,-2.13,-3.04,2.94,0.71,36.13
acc,2292.35,2293.34,0.99,2.43,3.65,2.87,2.03,0.96,3.65,38.21
acc,2373.53,2375.01,1.48,4.7,5.28,4.02,2.0,0.32,5.28,39.56
hsr,2375.18,2379.3,4.12,26.92,7.46,1.54,-2.0,5.57,5.56,39.59
sprint,2377.43,2378.48,1.05,7.99,7.46,0.85,-1.65,7.01,7.05,39.62
dec,2382.05,2382.55,0.5,1.28,3.01,-2.09,-2.45,3.01,1.73,39.7
dec,2390.25,2390.91,0.66,1.33,2.88,-2.13,-3.03,2.88,0.79,39.84
acc,2395.36,2395.91,0.55,1.33,2.95,2.59,2.0,1.38,2.95,39.92
acc,2443.93,2444.59,0.66,2.41,4.14,2.48,2.08,2.58,4.14,40.73
dec,2445.74,2446.46,0.72,2.45,4.19,-2.06,-2.67,4.19,2.3,40.76
acc,2526.15,2526.7,0.55,1.71,3.58,2.58,2.02,2.0,3.58,42.1
acc,2536.71,2537.76,1.05,2.78,4.22,3.87,2.05,0.69,4.22,42.28
dec,2540.62,2541.22,0.6,1.38,2.79,-2.0,-2.33,2.79,1.35,42.34
acc,2541.77,2542.43,0.66,1.83,3.82,3.92,2.18,1.09,3.82,42.36
acc,2629.99,2630.49,0.5,0.97,2.46,2.56,2.08,1.03,2.46,43.83
acc,2646.44,2647.48,1.04,3.74,4.97,3.11,2.17,1.83,4.97,44.11
dec,2649.24,2649.9,0.66,2.91,4.96,-2.03,-2.51,4.96,3.25,44.15
acc,3147.6,3148.31,0.71,1.61,3.1,3.18,2.06,0.84,3.1,52.46
acc,3157.33,3158.05,0.72,1.66,3.06,2.73,2.08,1.07,3.06,52.62
acc,3214.09,3214.64,0.55,1.65,3.65,3.25,2.11,1.63,3.65,53.57
dec,3215.19,3215.74,0.55,1.53,3.43,-2.11,-2.86,3.43,1.75,53.59
dec,3224.16,3224.98,0.82,2.14,3.83,-2.03,-3.82,3.83,0.84,53.74
acc,3275.91,3277.01,1.1,3.69,4.85,3.69,2.07,1.16,4.85,54.6
acc,3311.55,3312.32,0.77,2.27,3.8,2.75,2.06,1.66,3.8,55.19
acc,3390.59,3391.74,1.15,3.42,4.44,3.36,2.09,0.88,4.44,56.51
dec,3393.17,3393.78,0.61,2.57,4.93,-2.0,-3.11,4.93,2.87,56.55
acc,3394.33,3395.1,0.77,3.54,5.16,2.72,2.03,3.17,5.16,56.57
dec,3527.76,3528.42,0.66,2.0,3.82,-2.07,-2.98,3.82,1.76,58.8
acc,3529.08,3529.79,0.71,2.26,3.92,3.07,2.1,1.74,3.92,58.82
dec,3533.59,3534.25,0.66,1.7,3.35,-2.0,-3.04,3.35,1.22,58.89
acc,3610.86,3611.52,0.66,2.54,4.56,2.75,2.13,2.68,4.56,60.18
dec,3640.45,3641.5,1.05,2.76,3.93,-2.02,-2.92,3.93,1.1,60.67
acc,3690.72,3691.49,0.77,1.58,3.16,3.55,2.05,0.48,3.16,61.51
acc,3811.61,3812.44,0.83,3.22,4.64,2.5,2.01,2.62,4.64,63.53
dec,3845.71,3846.43,0.72,2.12,3.96,-2.05,-3.29,3.96,1.6,64.1
dec,3852.42,3852.97,0.55,1.13,2.69,-2.06,-2.67,2.69,1.07,64.21
dec,3895.43,3896.15,0.72,2.01,3.62,-2.02,-2.68,3.62,1.7,64.92
dec,3900.55,3901.1,0.55,1.02,2.45,-2.01,-2.78,2.45,0.71,65.01
hsr,3917.43,3919.69,2.26,13.39,5.92,0.92,-0.59,5.5,5.51,65.29
dec,3921.17,3922.05,0.88,3.24,5.05,-2.02,-4.05,5.05,1.71,65.35
acc,3947.79,3949.0,1.21,3.86,4.79,3.75,2.02,0.78,4.79,65.8
hsr,3949.55,3951.04,1.49,8.69,5.74,0.83,-0.38,5.51,5.52,65.83
dec,3953.79,3954.67,0.88,2.05,3.49,-2.1,-2.87,3.49,1.05,65.9
acc,3979.42,3980.19,0.77,2.63,4.26,2.9,2.14,2.03,4.26,66.32
hsr,3981.78,3983.27,1.49,8.57,5.6,0.42,-0.35,5.5,5.5,66.36
dec,3986.29,3986.9,0.61,1.35,2.83,-2.04,-2.59,2.83,1.16,66.44
dec,3996.08,3997.29,1.21,3.98,4.71,-2.03,-2.57,4.71,1.74,66.6
acc,3999.22,3999.77,0.55,1.38,3.02,2.64,2.09,1.42,3.02,66.65
dec,4004.61,4005.71,1.1,3.54,4.84,-2.06,-3.4,4.84,1.46,66.74
dec,4076.05,4076.6,0.55,0.97,2.42,-2.04,-2.71,2.42,0.72,67.93
acc,4079.63,4081.28,1.65,6.34,5.62,2.74,2.03,1.59,5.62,67.99
hsr,4081.28,4083.64,2.36,14.73,6.39,2.03,-1.26,5.62,5.57,68.02
dec,4084.47,4085.29,0.82,2.78,4.31,-2.01,-3.3,4.31,1.65,68.07
acc,4501.2,4502.96,1.76,6.83,6.41,4.55,2.0,0.33,6.41,75.02
hsr,4502.58,4505.16,2.58,18.71,7.9,2.64,-4.78,5.54,5.77,75.04
sprint,4503.35,4504.89,1.54,12.13,7.9,1.47,-3.36,7.07,7.11,75.06
dec,4504.72,4506.32,1.6,6.62,7.63,-2.14,-5.08,7.63,0.68,75.08
acc,4611.42,4613.18,1.76,6.84,6.42,4.47,2.0,0.31,6.42,76.86
hsr,4612.74,4615.44,2.7,19.81,8.35,2.75,-5.3,5.5,5.65,76.88
sprint,4613.51,4615.16,1.65,13.24,8.35,1.65,-4.13,7.06,7.2,76.89
dec,4614.94,4616.54,1.6,6.76,8.09,-2.04,-5.43,8.09,0.61,76.92
acc,4914.14,4915.79,1.65,6.08,6.14,4.55,2.07,0.32,6.14,81.9
hsr,4915.57,4918.16,2.59,18.55,7.73,2.49,-4.87,5.65,5.77,81.93
sprint,4916.4,4917.88,1.48,11.53,7.73,1.25,-3.15,7.03,7.13,81.94
dec,4917.77,4919.26,1.49,5.91,7.47,-2.26,-5.41,7.47,0.41,81.96
acc,5073.86,5075.57,1.71,6.58,6.3,4.59,2.07,0.28,6.3,84.56
hsr,5075.24,5080.41,5.17,38.55,8.35,2.46,-1.93,5.57,5.57,84.59
sprint,5075.95,5079.64,3.69,29.22,8.35,1.27,-1.84,7.0,7.05,84.6
