minute,dist_m,v_max_ms,v_mean_ms,Z1 walk,Z2 jog,Z3 run,Z4 HSR,Z5 sprint,n_acc,n_dec
0,3.0,0.1,0.0,3.0,0.0,0.0,0.0,0.0,0,0
1,3.0,0.2,0.0,3.0,0.0,0.0,0.0,0.0,0,0
2,4.5,0.5,0.1,4.5,0.0,0.0,0.0,0.0,0,0
3,12.7,0.6,0.2,12.7,0.0,0.0,0.0,0.0,0,0
4,6.9,0.4,0.1,6.9,0.0,0.0,0.0,0.0,0,0
5,12.9,0.7,0.2,12.9,0.0,0.0,0.0,0.0,0,0
6,34.2,1.5,0.6,34.2,0.0,0.0,0.0,0.0,0,0
7,79.3,7.0,1.3,7.8,16.1,29.7,21.0,4.6,1,0
8,71.5,1.4,1.2,71.5,0.0,0.0,0.0,0.0,0,0
9,107.1,7.6,1.8,38.3,8.5,13.7,31.2,15.4,0,1
10,117.5,7.7,2.0,49.7,1.7,3.5,43.4,19.3,1,0
11,63.0,5.4,1.1,54.7,4.5,3.8,0.0,0.0,0,0
12,31.8,1.1,0.5,31.8,0.0,0.0,0.0,0.0,0,0
13,6.2,1.4,0.1,6.2,0.0,0.0,0.0,0.0,1,0
14,114.7,8.8,1.9,55.5,5.6,7.1,9.9,36.6,0,0
15,14.0,1.1,0.2,14.0,0.0,0.0,0.0,0.0,0,0
16,23.2,1.4,0.4,23.2,0.0,0.0,0.0,0.0,0,0
17,81.5,5.2,1.4,51.6,15.4,14.5,0.0,0.0,1,1
18,59.9,4.0,1.0,41.9,16.9,1.1,0.0,0.0,0,0
19,39.9,1.5,0.7,39.9,0.0,0.0,0.0,0.0,0,0
20,30.9,2.3,0.5,29.1,1.8,0.0,0.0,0.0,0,0
21,58.0,3.2,1.0,41.7,16.3,0.0,0.0,0.0,0,0
22,20.4,1.3,0.3,20.4,0.0,0.0,0.0,0.0,0,0
23,57.8,4.8,1.0,34.3,13.2,10.3,0.0,0.0,1,0
24,45.6,4.4,0.8,23.2,13.3,9.2,0.0,0.0,0,0
25,24.5,1.4,0.4,24.5,0.0,0.0,0.0,0.0,0,0
26,11.4,1.0,0.2,11.4,0.0,0.0,0.0,0.0,0,0
27,88.5,4.5,1.5,52.6,28.7,7.2,0.0,0.0,0,1
28,128.7,5.6,2.1,39.6,54.1,31.9,3.1,0.0,0,0
29,142.2,7.6,2.4,31.4,60.3,22.9,11.8,15.8,3,0
30,95.3,3.8,1.6,49.2,46.1,0.0,0.0,0.0,1,0
31,114.3,5.6,1.9,40.6,60.5,8.3,4.9,0.0,1,1
32,127.3,4.9,2.1,33.7,67.7,25.8,0.0,0.0,1,3
33,128.4,6.6,2.1,50.1,37.0,24.7,16.5,0.0,0,1
34,69.3,3.0,1.2,53.1,16.2,0.0,0.0,0.0,0,0
35,84.6,3.8,1.4,38.5,46.1,0.0,0.0,0.0,0,1
36,82.7,4.4,1.4,43.3,30.9,8.5,0.0,0.0,0,1
37,55.9,2.8,0.9,47.1,8.8,0.0,0.0,0.0,0,0
38,73.3,4.2,1.2,43.5,27.5,2.3,0.0,0.0,1,0
39,81.9,7.5,1.4,15.5,26.4,13.1,18.9,8.0,2,2
40,80.9,4.8,1.3,34.6,40.3,6.0,0.0,0.0,1,1
41,60.8,2.8,1.0,58.2,2.6,0.0,0.0,0.0,0,0
42,124.0,5.4,2.1,36.1,57.7,30.2,0.0,0.0,3,1
43,86.6,3.3,1.4,51.7,34.9,0.0,0.0,0.0,1,0
44,87.9,5.6,1.5,45.7,29.5,9.4,3.3,0.0,1,1
45,46.5,3.1,0.8,40.8,5.7,0.0,0.0,0.0,0,0
46,11.8,0.9,0.2,11.8,0.0,0.0,0.0,0.0,0,0
47,9.9,0.8,0.2,9.9,0.0,0.0,0.0,0.0,0,0
48,4.0,0.3,0.1,4.0,0.0,0.0,0.0,0.0,0,0
49,38.9,1.3,0.6,38.9,0.0,0.0,0.0,0.0,0,0
50,41.8,1.4,0.7,41.8,0.0,0.0,0.0,0.0,0,0
51,48.1,2.6,0.8,43.0,5.2,0.0,0.0,0.0,0,0
52,91.6,5.3,1.5,24.6,25.3,41.7,0.0,0.0,2,0
53,91.5,4.8,1.5,55.4,21.1,15.0,0.0,0.0,1,2
54,97.3,5.4,1.6,44.0,45.2,8.2,0.0,0.0,1,0
55,101.6,5.4,1.7,38.2,51.6,11.9,0.0,0.0,1,0
56,84.5,5.9,1.4,46.8,16.7,16.6,4.4,0.0,2,1
57,98.0,4.0,1.6,49.7,47.4,0.9,0.0,0.0,0,0
58,104.1,5.8,1.7,40.4,26.3,32.2,5.3,0.0,1,2
59,72.1,3.7,1.2,53.6,18.5,0.0,0.0,0.0,0,0
60,112.8,5.7,1.9,50.1,33.4,26.2,3.1,0.0,1,1
61,109.7,4.4,1.8,41.0,59.8,8.8,0.0,0.0,1,0
62,81.0,3.3,1.3,51.4,29.6,0.0,0.0,0.0,0,0
63,78.5,5.5,1.3,44.6,14.2,17.3,2.4,0.0,1,0
64,87.7,5.4,1.5,32.9,28.5,26.2,0.0,0.0,0,3
65,141.8,5.9,2.4,35.5,39.1,40.3,26.8,0.0,1,3
66,145.6,5.6,2.4,42.0,37.7,55.4,10.7,0.0,2,3
67,87.5,3.3,1.5,54.2,33.4,0.0,0.0,0.0,1,1
68,64.4,6.4,1.1,38.1,3.8,7.8,14.7,0.0,0,1
69,49.9,1.2,0.8,49.9,0.0,0.0,0.0,0.0,0,0
70,6.9,0.6,0.1,6.9,0.0,0.0,0.0,0.0,0,0
71,6.9,0.4,0.1,6.9,0.0,0.0,0.0,0.0,0,0
72,7.7,0.5,0.1,7.7,0.0,0.0,0.0,0.0,0,0
73,19.2,1.1,0.3,19.2,0.0,0.0,0.0,0.0,0,0
74,65.5,2.7,1.1,49.4,16.1,0.0,0.0,0.0,0,0
75,72.7,7.9,1.2,47.5,2.6,3.9,6.6,12.1,1,1
76,39.6,8.4,0.7,13.9,2.5,3.4,6.6,13.2,1,1
77,39.3,1.3,0.7,39.3,0.0,0.0,0.0,0.0,0,0
78,5.4,0.5,0.1,5.4,0.0,0.0,0.0,0.0,0,0
79,4.1,0.4,0.1,4.1,0.0,0.0,0.0,0.0,0,0
80,9.9,0.6,0.2,9.9,0.0,0.0,0.0,0.0,0,0
81,40.4,7.7,0.7,15.3,2.6,3.9,7.0,11.5,1,1
82,36.3,1.5,0.6,36.3,0.0,0.0,0.0,0.0,0,0
83,17.4,1.0,0.3,17.4,0.0,0.0,0.0,0.0,0,0
84,74.9,8.4,1.2,23.5,5.7,7.1,9.3,29.2,1,0
85,49.3,1.2,0.8,49.3,0.0,0.0,0.0,0.0,0,0
86,18.4,1.3,0.5,18.4,0.0,0.0,0.0,0.0,0,0
